Date,Time,Text,Image,Link,Instagram,Facebook,Twitter,LinkedIn,Pinterest,TikTok
2026-01-01,09:00,Sound is everything. Everything is sound. The Ottoman spirit in digital body. Not fusion. Evolution.,,,Yes,,,,,
2026-01-08,09:00,Duygu her şeydir. Hissettiğin şey sestir. Teknik duygudan sonra gelir. Bu kanun.,,,Yes,,,,,
2026-01-15,09:00,Listen closer. The vinyl crackle isn't noise. It's honesty. Perfection is cold. Warmth comes from imperfection.,,,Yes,,,,,
2026-01-22,09:00,Hissettiğin şey sestir. Beden konuşur. Daha yakından dinle.,,,Yes,,,,,
2026-01-29,09:00,The Original Name must be heard. Everything else ducks out of the way when truth speaks. That's the law.,,,Yes,,,,,
2026-02-05,09:00,Kalbimden çıkan ses. Kafadan değil. Göğüsten. Bedenden. İşte orada yaşar gerçek.,,,Yes,,,,,
2026-02-12,09:00,"Feeling is frequency. What you feel, you sound. The technique follows. Always follows. Always emotion first.",,,Yes,,,,,
2026-02-19,09:00,"emotional intelligence olmak. İngiliz doğumlu Kıbrıslı Türk. İki dil, iki duygu, ikisi de asıl.",,,Yes,,,,,
2026-02-26,09:00,The pocket isn't metronomic. It's felt. That's the difference. That's the groove. That's where truth lives.,,,Yes,,,,,
2026-03-05,09:00,Hissettiğin şey sestir. Sese dönüşür. Teknik takip eder. Her zaman takip eder.,,,Yes,,,,,
2026-03-12,09:00,Listen closer. In the spaces between notes. That's where the truth lives. That's where you find it.,,,Yes,,,,,
2026-03-19,09:00,Kalbimden çıkan ses. Kalbimden. Kafamdan değil. Göğsümden. Her zaman göğsümden. Bedenimden. Her zaman bedenimden.,,,Yes,,,,,
2026-03-26,09:00,The sub-bass is the breath of resurrection. Not just heard. Felt. Deep. That's the foundation.,,,Yes,,,,,
2026-04-02,09:00,Duygu her şeydir. Duygu önce. Her zaman önce. Teknik hizmet eder. Her zaman hizmet eder.,,,Yes,,,,,
2026-04-09,09:00,Vinyl warmth. Anti-apology. Perfection is cold. Warmth comes from imperfection. That's honesty.,,,Yes,,,,,
2026-04-16,09:00,Hissettiğin şey sestir. Kalp konuşur. Her zaman konuşur. Beden konuşur. Her zaman konuşur.,,,Yes,,,,,
2026-04-23,09:00,Sound is everything. Ottoman spirit. Digital body. Evolution. Real. That's where truth lives.,,,Yes,,,,,
2026-04-30,09:00,Kalbimden çıkan ses. Kalbimden. Her zaman. Bedenimden. Her zaman. İşte orada yaşar gerçek.,,,Yes,,,,,
2026-05-07,09:00,Feeling precedes technique. Always. The heart speaks. Always speaks. The body speaks. Always speaks.,,,Yes,,,,,
2026-05-14,09:00,emotional intelligence. İki dil. İkisi de asıl. İkisi de gerçek. Bu kanun.,,,Yes,,,,,
2026-05-21,09:00,The Original Name speaks. Everything ducks. That's truth. That's life. That's sound.,,,Yes,,,,,
2026-05-28,09:00,Hissettiğin şey sestir. İşte burada yaşar gerçek. Her zaman burada.,,,Yes,,,,,
2026-06-04,09:00,Listen closer. Between notes. That's where truth lives. Between breaths. That's where you find it.,,,Yes,,,,,
2026-06-11,09:00,Kalbimden çıkan ses. Kalbimden. Kafamdan değil. Göğsümden. Her zaman göğsümden.,,,Yes,,,,,
2026-06-18,09:00,The pocket is felt. Not measured. That's the groove. That's where truth lives.,,,Yes,,,,,
2026-06-25,09:00,Duygu her şeydir. Duygu önce. Her zaman. İşte orada yaşar gerçek.,,,Yes,,,,,
2026-07-02,09:00,Sound is everything. Real. Felt. Deep. That's where truth lives. That's where you find it.,,,Yes,,,,,
2026-07-09,09:00,emotional intelligence. İki dil. İkisi de asıl. İkisi de gerçek. Bu kanun.,,,Yes,,,,,
2026-07-16,09:00,"Feeling is frequency. What you feel, you sound. Truth lives here. Always here.",,,Yes,,,,,
2026-07-23,09:00,Hissettiğin şey sestir. İşte burada yaşar gerçek.,,,Yes,,,,,
2026-07-30,09:00,The sub-bass breathes. Resurrects. Not just heard. Felt. Deep. Foundation.,,,Yes,,,,,
2026-08-06,09:00,Kalbimden çıkan ses. Kalbimden. Her zaman. Bedenimden. Her zaman.,,,Yes,,,,,
2026-08-13,09:00,Vinyl warmth. Honest imperfection. Perfection is cold. Warmth is real. That's honesty.,,,Yes,,,,,
2026-08-20,09:00,Duygu her şeydir. Duygu önce. Her zaman. İşte gerçek.,,,Yes,,,,,
2026-08-27,09:00,The Original Name speaks. Truth. Life. Sound. Everything ducks. That's the law.,,,Yes,,,,,
2026-09-03,09:00,Hissettiğin şey sestir. İşte gerçek.,,,Yes,,,,,
2026-09-10,09:00,Listen closer. Between notes. That's where truth lives. Between breaths. That's where you find it.,,,Yes,,,,,
2026-09-17,09:00,Kalbimden çıkan ses. Kalbimden. Her zaman.,,,Yes,,,,,
2026-09-24,09:00,The pocket is felt. Not measured. That's the groove. That's where truth lives.,,,Yes,,,,,
2026-10-01,09:00,emotional intelligence. Gerçek.,,,Yes,,,,,
2026-10-08,09:00,Sound is everything. Real. Felt. Deep. That's where truth lives.,,,Yes,,,,,
2026-10-15,09:00,Hissettiğin şey sestir.,,,Yes,,,,,
2026-10-22,09:00,Feeling precedes technique. Always. The heart speaks. Always speaks.,,,Yes,,,,,
2026-10-29,09:00,Kalbimden çıkan ses. Kalbimden. Her zaman.,,,Yes,,,,,
2026-11-05,09:00,The sub-bass breathes. Resurrects. Felt. Deep. Foundation.,,,Yes,,,,,
2026-11-12,09:00,Duygu her şeydir. Duygu önce.,,,Yes,,,,,
2026-11-19,09:00,Vinyl warmth. Honest. Real. That's honesty.,,,Yes,,,,,
2026-11-26,09:00,Hissettiğin şey sestir. Ses.,,,Yes,,,,,
2026-12-03,09:00,The Original Name speaks. Truth. Sound.,,,Yes,,,,,
2026-12-10,09:00,Kalbimden çıkan ses. Kalp.,,,Yes,,,,,
2026-12-17,09:00,Listen closer. That's where truth lives.,,,Yes,,,,,
2026-12-24,09:00,emotional intelligence.,,,Yes,,,,,
