Date,Time,Text,Image,Link,Instagram,Facebook,Twitter,LinkedIn
2026-01-01,09:00,The cold doesn't stop the structure. It tests it.,,,Yes,,,
2026-01-08,09:00,"In the darkest days, discipline is the only light.",,,Yes,,,
2026-01-15,09:00,"The fight ends, but the foundation remains. Finding peace in the structure.",,,Yes,,,
2026-01-22,09:00,Belts in the bag. Authority on the floor. Going home.,,,Yes,,,
2026-01-29,09:00,"The blueprint drops. The concrete's poured. NO TIME FOR DELAYS, ONLY FOR IMPACT!",,,Yes,,,
2026-02-05,09:00,Stay ready. Control what you can. Prepare for what you can't.,,,Yes,,,
2026-02-12,09:00,The bell rings. You answer. That's discipline. That's structure.,,,Yes,,,
2026-02-19,09:00,Training isn't optional. It's foundational. Build the base. Everything else follows.,,,Yes,,,
2026-02-26,09:00,"Between rounds, you recover. But you don't quit. The next round is coming.",,,Yes,,,
2026-03-05,09:00,The structure holds. So will you. Under pressure. Under load. Under everything.,,,Yes,,,
2026-03-12,09:00,Finish strong. Not because you have to. Because you can.,,,Yes,,,
2026-03-19,09:00,The ring doesn't care about your excuses. Neither should you.,,,Yes,,,
2026-03-26,09:00,Shadow work. Real work. The work that builds the foundation.,,,Yes,,,
2026-04-02,09:00,Early morning. Empty ring. That's where champions are made.,,,Yes,,,
2026-04-09,09:00,Control what you can. Release the rest. That's discipline. That's freedom.,,,Yes,,,
2026-04-16,09:00,The foundation isn't built in one day. But it's built every day.,,,Yes,,,
2026-04-23,09:00,Stay ready. The bell doesn't wait. Neither does opportunity.,,,Yes,,,
2026-04-30,09:00,Training through it. That's the difference. That's the structure.,,,Yes,,,
2026-05-07,09:00,The fight isn't won in the ring. It's won in the preparation.,,,Yes,,,
2026-05-14,09:00,Discipline isn't a choice. It's the bedrock. Everything else is built on it.,,,Yes,,,
2026-05-21,09:00,The structure holds. Under pressure. Under weight. Under everything.,,,Yes,,,
2026-05-28,09:00,Finish strong. Not loud. Strong. That's the difference.,,,Yes,,,
2026-06-04,09:00,"Between rounds, you recover. But you don't quit. Ever.",,,Yes,,,
2026-06-11,09:00,The blueprint is clear. Execute. No delays. Only impact.,,,Yes,,,
2026-06-18,09:00,Stay ready. The bell rings. You answer. That's discipline.,,,Yes,,,
2026-06-25,09:00,Training isn't optional. It's foundational. Build the base.,,,Yes,,,
2026-07-02,09:00,Control what you can. Prepare for what you can't. That's structure.,,,Yes,,,
2026-07-09,09:00,The ring doesn't care. Neither should you. Just work.,,,Yes,,,
2026-07-16,09:00,Shadow work. Real work. The work that matters.,,,Yes,,,
2026-07-23,09:00,Early morning. Empty ring. That's where it happens.,,,Yes,,,
2026-07-30,09:00,The foundation is built every day. Not someday. Today.,,,Yes,,,
2026-08-06,09:00,Stay ready. Opportunity doesn't wait. Neither should you.,,,Yes,,,
2026-08-13,09:00,Training through it. That's discipline. That's structure.,,,Yes,,,
2026-08-20,09:00,The fight is won in preparation. The ring is just the test.,,,Yes,,,
2026-08-27,09:00,Discipline isn't a choice. It's the bedrock. Build on it.,,,Yes,,,
2026-09-03,09:00,The structure holds. Under everything. Always.,,,Yes,,,
2026-09-10,09:00,Finish strong. Not because you have to. Because you can.,,,Yes,,,
2026-09-17,09:00,"Between rounds, you recover. But you don't quit.",,,Yes,,,
2026-09-24,09:00,The blueprint is clear. Execute. No delays.,,,Yes,,,
2026-10-01,09:00,Stay ready. The bell rings. You answer.,,,Yes,,,
2026-10-08,09:00,Training isn't optional. It's foundational.,,,Yes,,,
2026-10-15,09:00,Control what you can. Release the rest.,,,Yes,,,
2026-10-22,09:00,The ring doesn't care. Neither should you.,,,Yes,,,
2026-10-29,09:00,Shadow work. Real work. The work.,,,Yes,,,
2026-11-05,09:00,Early morning. Empty ring. That's where.,,,Yes,,,
2026-11-12,09:00,The foundation is built every day. Today.,,,Yes,,,
2026-11-19,09:00,Stay ready. Opportunity doesn't wait.,,,Yes,,,
2026-11-26,09:00,Training through it. That's discipline.,,,Yes,,,
2026-12-03,09:00,The fight is won in preparation.,,,Yes,,,
2026-12-10,09:00,Discipline isn't a choice. It's the bedrock.,,,Yes,,,
2026-12-17,09:00,The structure holds. Always.,,,Yes,,,
2026-12-24,09:00,Finish strong. Because you can.,,,Yes,,,
