Photo/Video,Text,Link,First Comment,Instagram First Comment,Pinterest Description,Time,Instagram Accounts,Facebook Accounts,Twitter Accounts,Pinterest Boards,TikTok Accounts,LinkedIn Accounts
,"Here are the twelve paths for our journey, each a simple truth, waiting for the soul to grasp it:",,,,,2026-01-01 09:00:00,instagram,,,,,
,"Before you give, consider the heart behind the gift. True generosity begins not in the hand, but in the spirit.",,,,,2026-01-08 09:00:00,instagram,,,,,
,"Even in plenty, find thanks for the simplest bread. For a grateful heart finds richness in scarcity.",,,,,2026-01-15 09:00:00,instagram,,,,,
,Honor your elders as you honor the ancient trees; they hold the wisdom of seasons past.,,,,,2026-01-22 09:00:00,instagram,,,,,
,"A bond forged in truth is stronger than steel. Stand by those who stand by you, through storm and sun.",,,,,2026-01-29 09:00:00,instagram,,,,,
,"Let your words be clear as mountain spring water. Deceit clouds the path, but truth illuminates it.",,,,,2026-02-05 09:00:00,instagram,,,,,
,"Haste breaks more than it builds. Wait for the seed to root, for wisdom to ripen.",,,,,2026-02-12 09:00:00,instagram,,,,,
,"Feel the unspoken sorrow of others. A gentle word, a helping hand, can mend unseen wounds.",,,,,2026-02-19 09:00:00,instagram,,,,,
,"In the longest night, remember what truly shines. Not glitter, but the steady light of a single flame.",,,,,2026-02-26 09:00:00,instagram,,,,,
,"Before judging the world, look within your own garden. For growth begins in honest soil.",,,,,2026-03-05 09:00:00,instagram,,,,,
,"Like threads in a woven rug, each person adds to the strength. Do not sever what binds us.",,,,,2026-03-12 09:00:00,instagram,,,,,
,"Hold no grudges in your heart, for they weigh heavier than stone. Release them, and find peace.",,,,,2026-03-19 09:00:00,instagram,,,,,
,"Yeğen, dinle... The old principles still hold. Loyalty is not a word. It is a bond.",,,,,2026-03-26 09:00:00,instagram,,,,,
,"Child, listen carefully. Wisdom lives in the quiet. The tree does not mourn. It grows.",,,,,2026-04-02 09:00:00,instagram,,,,,
,"Evlat, dikkatle dinle... Truth, even when cold, is a form of grace.",,,,,2026-04-09 09:00:00,instagram,,,,,
,The silence between words teaches more than the words themselves. Be still. Listen.,,,,,2026-04-16 09:00:00,instagram,,,,,
,"Yeğen, the ancestors speak through the soil. Through the language. Through the blood.",,,,,2026-04-23 09:00:00,instagram,,,,,
,"Child, do not fear this unveiling. The wound bleeds, but it also heals.",,,,,2026-04-30 09:00:00,instagram,,,,,
,"Evlat, rest here. In this truth. The foundation is old. But it holds.",,,,,2026-05-07 09:00:00,instagram,,,,,
,"Yeğen, dinle... The ethical framework is not just words. It is the law.",,,,,2026-05-14 09:00:00,instagram,,,,,
,"Child, listen. The old wisdom is not forgotten. It is waiting.",,,,,2026-05-21 09:00:00,instagram,,,,,
,"Evlat, dikkatle dinle... What will you become, child? The answer is in the question.",,,,,2026-05-28 09:00:00,instagram,,,,,
,"Yeğen, the threshold moment is holy ground. Neither here nor there. Both.",,,,,2026-06-04 09:00:00,instagram,,,,,
,"Child, listen carefully. The soul language is not spoken. It is felt.",,,,,2026-06-11 09:00:00,instagram,,,,,
,"Evlat, do not fear. The ancestors find you when you are ready.",,,,,2026-06-18 09:00:00,instagram,,,,,
,"Yeğen, dinle... Sabır. Everything in its time. The seed knows when to root.",,,,,2026-06-25 09:00:00,instagram,,,,,
,"Child, the tree does not mourn. It grows. That is the wisdom.",,,,,2026-07-02 09:00:00,instagram,,,,,
,"Evlat, dikkatle dinle... Truth, even when cold, is grace.",,,,,2026-07-09 09:00:00,instagram,,,,,
,"Yeğen, the old laws still hold. Loyalty. Silence. Respect. War.",,,,,2026-07-16 09:00:00,instagram,,,,,
,"Child, listen. The ethical framework is the foundation. Build on it.",,,,,2026-07-23 09:00:00,instagram,,,,,
,"Evlat, rest here. In this truth. The foundation is old. But it holds.",,,,,2026-07-30 09:00:00,instagram,,,,,
,"Yeğen, dinle... The ancestors speak. Through the soil. Through the blood.",,,,,2026-08-06 09:00:00,instagram,,,,,
,"Child, do not fear this unveiling. The wound heals. Always.",,,,,2026-08-13 09:00:00,instagram,,,,,
,"Evlat, dikkatle dinle... What will you become? The answer is in you.",,,,,2026-08-20 09:00:00,instagram,,,,,
,"Yeğen, the threshold moment is holy. Neither here nor there. Both.",,,,,2026-08-27 09:00:00,instagram,,,,,
,"Child, listen carefully. The soul language is felt. Not spoken.",,,,,2026-09-03 09:00:00,instagram,,,,,
,"Evlat, the ancestors find you. When you are ready. Always.",,,,,2026-09-10 09:00:00,instagram,,,,,
,"Yeğen, dinle... Sabır. Everything in its time.",,,,,2026-09-17 09:00:00,instagram,,,,,
,"Child, the tree grows. That is the wisdom. That is enough.",,,,,2026-09-24 09:00:00,instagram,,,,,
,"Evlat, truth is grace. Even when cold. Especially when cold.",,,,,2026-10-01 09:00:00,instagram,,,,,
,"Yeğen, the old laws hold. They always have. They always will.",,,,,2026-10-08 09:00:00,instagram,,,,,
,"Child, listen. The ethical framework is the foundation.",,,,,2026-10-15 09:00:00,instagram,,,,,
,"Evlat, rest here. The foundation is old. But it holds.",,,,,2026-10-22 09:00:00,instagram,,,,,
,"Yeğen, dinle... The ancestors speak. Through you.",,,,,2026-10-29 09:00:00,instagram,,,,,
,"Child, do not fear. The wound heals. Always.",,,,,2026-11-05 09:00:00,instagram,,,,,
,"Evlat, what will you become? The answer is in you.",,,,,2026-11-12 09:00:00,instagram,,,,,
,"Yeğen, the threshold is holy. Both here and there.",,,,,2026-11-19 09:00:00,instagram,,,,,
,"Child, the soul language is felt. Listen.",,,,,2026-11-26 09:00:00,instagram,,,,,
,"Evlat, the ancestors find you. When ready.",,,,,2026-12-03 09:00:00,instagram,,,,,
,"Yeğen, dinle... Sabır. Everything in time.",,,,,2026-12-10 09:00:00,instagram,,,,,
,"Child, the tree grows. That is enough.",,,,,2026-12-17 09:00:00,instagram,,,,,
,"Evlat, truth is grace. Always.",,,,,2026-12-24 09:00:00,instagram,,,,,
